,wind,solar,nuclear,water_reservoir,water_river,water_pump,total
heating_demand,1.6623349063910902,-71.57454413146196,248.4516786297861,-31.29581489951183,-26.731437827802935,-15.568221635917778,104.94399504148275
windpower,2.05810936103589,-24.370081914162654,163.60513950444175,8.78401214003733,-2.6097662891715228,10.563839745637612,158.03125254781847
rain,1.8557163807980588,50.924740468947086,-15.87747501256202,61.85291602717012,32.23898308799166,43.38252306892675,174.37740402127173
solar_power,-1.4699497775248727,67.70880474284338,-229.59974567982698,30.942273815824613,25.73407832837546,15.818285480336035,-90.86625308997242
